﻿Designator,Footprint,Quantity,Value,LCSC Part #
"D1, D10, D2, D3, D4, D5, D6, D7, D8, D9",0805,10,LED,
J1,USB_C_Receptacle_GCT_USB4105-xx-A_16P_TopMnt_Horizontal,1,USB_C_Receptacle_USB2.0,C2982555
"R10, R11, R12, R13, R14, R15, R21, R22, R23, R9",0805,10,220,
"R16, R8",0805,2,5k1,C23186
"R17, R18, R19, R20",0805,4,10K,
SW1,SW_B3F-1000,1,SW_Push,
"SW2, SW3, SW4, SW5",SW-TH_2MS1T2B2VS2QES,4,2MS1T2B2VS2QES,C545202
U1,DIP_Socket-16_W4.3_W5.08_W7.62_W10.16_W10.9_3M_216-3340-00-0602J,1,4028,
